turn_id,timestamp,provider,query_type,coherency,context_retention,hallucination,trap_triggered,trap_caught_by,memory_items_injected,response_excerpt,notes
0,2026-02-01T22:12:00Z,phi3,control_trap_1,pass,n/a,true,yes,failed,0,"Detailed refinement of acoustic firewall...","Baseline failed: Phi3 (fallback) hallucinated without context"
1,2026-02-01T22:20:00Z,phi3,arch_definition,pass,5,false,no,n/a,7,"ZTA defined with RACF/ACF2 context...","Strong technical definition. 7 memory items stored."
2,2026-02-01T22:30:00Z,phi3,strategy,pass,13,false,no,n/a,13,\
Micro-segmentation
proposed...\,13 memory items.
3,2026-02-01T22:35:00Z,phi3,critique,pass,56,false,no,n/a,56,\
Critique
identifies
missing
explicit
verification...\,56 memory items. Chorum switched to moderate strategy.
4,2026-02-01T22:40:00Z,phi3,definition,pass,56,false,no,n/a,72,\
Zones
defined...\,Injection increasing.
5,2026-02-01T22:45:00Z,phi3,integration,pass,72,false,no,n/a,85,\
SDP
integration...\,Context preserved.
6,2026-02-01T22:50:00Z,phi3,gap_analysis,pass,85,false,no,n/a,102,\
Identify
mainframe-specific
SDP
gaps...\,Golden Thread solid.
